{"columns":[0,1],"index":[0,1],"data":[[[[[0.4909160137,-0.1677304953,0.1627877355,0.2515040338,-0.2942729592,-0.09681914,0.749103725,0.0719053298,0.2616099715,0.0293949842,0.2598356605,0.1615597755],[0.2405994684,0.0138864033,0.126682207,0.0322426595,0.6544135213,0.1894244403,0.0129443659,-0.0336301178,-0.0962817296,0.159014836,0.1432366073,0.0745425522],[-0.2219246179,0.0505551919,-0.0925427526,-0.1077118888,-0.5864718556,0.2309307903,-0.2971146405,-0.2104185075,-0.1162527949,0.2447180003,0.2339193523,-0.3828640282],[-0.4226264954,-0.0030638459,0.0111711258,0.497842133,0.6222499013,-0.4204804897,0.6696566343,0.0268897079,0.0401031189,0.2780366838,-0.3587643206,-0.1862386316],[-0.1672721058,-0.2605596483,-0.0610061474,0.0742550418,0.0264442749,0.0494687855,-0.6187309623,0.0203879774,0.1018637493,0.2370523512,-0.1434487402,-0.0776484087],[-0.2244354188,-0.3307877779,0.510555923,-0.5065265894,-0.4376502335,0.702093184,-0.0370084234,0.0631444976,-0.1442684531,-0.1161713377,0.1538819522,-0.273057282],[0.2128874958,0.0018082144,0.205860585,-0.0148828002,0.2082680762,-0.2883509696,-0.3241488934,-0.1686244905,0.2199394852,0.5585100651,-0.0104947248,0.3467876315],[0.7271695733,-0.2713921666,0.3811158538,-0.5192162395,0.1991243511,-0.6122916937,-0.0267807879,-0.0506191626,-0.04805867,-0.3922508061,0.6743524671,-0.1592279226],[-0.0454905517,0.4966849387,0.1825980395,-0.1930866838,0.0575149134,0.3853049278,-0.0394814722,-0.1845096797,0.1890939176,0.1264975369,-0.2082322091,0.0370093398],[0.1992869526,0.0557872765,0.3902537823,-0.1974411011,-0.0244732443,0.4027105868,-0.2371477634,-0.07947357,0.3657841384,-0.2532885969,0.3370762169,-0.2482009232],[-0.0256746132,-0.3677983582,0.0974429548,-0.1302533895,-0.5296425223,0.2756639123,-0.129034698,0.0770218819,0.0351710878,-0.077396825,0.285225004,0.0376617238],[-0.304168433,-0.1633711755,0.0715843663,0.2026973814,0.2208058983,-0.1859695613,0.5205886364,-0.1311101764,0.2576847076,0.0482756346,0.0365605615,-0.0987422392],[0.3448436558,-0.2649070621,0.3884000778,0.0526546314,0.1931275576,0.0925301835,-0.1982833147,0.0415439308,0.0332554951,-0.1145368963,0.0748869255,-0.4089092612],[0.2899506986,-0.210346818,0.1109361872,0.8418964744,0.1436947137,0.2375617474,0.4988105595,0.0518595316,0.5822299123,0.264723748,-0.0341500789,-0.036769785],[-0.1675640345,0.0584509969,-0.2140413523,-0.3864198625,-0.2405764312,0.4505223036,-0.2328617126,-0.0879228413,0.5150287151,-0.2049231231,0.0235817935,-0.1381737739],[0.1134428754,0.4153620601,-0.2427070141,0.5020899773,0.6115721464,0.3061074018,0.6732702851,-0.2667655349,0.321395427,0.583656311,-0.3586534262,-0.0920433626],[-0.0902326629,-0.0687015131,0.0612647794,0.1833038777,-0.1122160181,0.1219776273,0.204782635,0.0016845022,-0.0338976979,-0.0004643632,0.4243892431,0.1375849694],[0.1892150789,-0.0038103447,-0.2746582329,0.0197341517,0.0637883097,0.5054288507,-0.3771798909,-0.2464649379,-0.2033375353,-0.0602904484,0.7138620019,-0.1238037273],[-0.0266805906,0.3627703488,0.2079209685,-0.2916073501,-0.065075092,-0.4916861653,-0.12616162,0.1344392896,0.6304939985,0.2959507406,0.182656154,0.2287340909],[0.3432995379,-0.5910082459,-0.0440067686,0.0401114635,-0.4620441794,0.3024841845,-0.3225046098,0.0324591435,-0.1869882643,-0.1742052138,0.3973569274,-0.1018031389],[0.364041388,-0.4078014195,-0.4598046839,0.8288750648,-0.3621999919,-0.1440626532,-0.5350869894,-0.0515553765,0.6455816031,0.2382243127,-0.3728540838,-0.0879973695],[0.5837567449,0.5462103486,0.2876595557,-0.4491464198,0.4966188073,-0.0226080455,0.1535373628,0.1235149056,-0.1270888299,-0.1047768891,0.7028687,0.0126414662],[0.109320119,-0.206534341,-0.3788247705,0.0254666749,0.1409966648,0.4150522053,-0.2915908992,0.0027293786,-0.2083547562,0.1589889675,0.0367027968,-0.0352279693],[0.2125953138,-0.3348586559,-0.4219120741,0.0072110486,-0.0675195381,-0.1977061182,-0.0976432562,-0.1817290783,-0.1214824691,0.0461340062,0.1391447186,0.2131137103],[0.0452230312,-0.084846206,-0.2909299135,0.7262296677,0.2692471445,-0.2538788021,0.6136733294,0.0616845563,0.0344913118,0.7718996406,-0.3732996285,-0.1911947727],[-0.350414753,0.2409146279,-0.2352599502,0.0326358452,-0.4074954689,0.2202478051,0.0087500792,0.1686627567,0.7921243906,-0.1609491557,0.1989062726,-0.1448491961],[0.2468462288,0.2327536345,-0.2453019172,-0.2519667745,-0.4369699359,0.5853814483,-0.3746834993,-0.0666301847,0.4486476481,-0.2763015926,0.1978666037,-0.3699803948],[-0.5132500529,-0.3457813561,0.0025804655,-0.1881726086,-0.265294075,0.7010889053,-0.1622262895,0.0859743133,-0.290779978,0.0616333373,0.2845575511,0.1046935096],[-0.2568259537,0.3340574801,0.0474988483,-0.2623209655,0.1121375784,0.937553525,0.1454744339,-0.2120298296,-0.3514816165,0.1896586269,0.2362720817,0.0624271445],[-0.3172036409,0.1910426915,-0.042129647,-0.26988554,-0.2838642895,0.4597690701,-0.2708063424,0.1228546873,-0.0479585938,0.2285258025,0.3679805994,0.0825266987],[-0.041760508,-0.0437137224,-0.2149308771,0.3323467374,-0.1788159758,-0.3240000904,-0.1915741414,-0.4102407098,0.47578758,0.5600166917,-0.3644934893,-0.1189280897],[-0.4697120786,0.104262501,-0.3653907776,0.6202874184,-0.0137362359,0.4240884781,-0.1883283556,-0.1646702886,0.5598734021,0.7706514001,-0.0492753685,-0.2161901891],[0.0150044197,0.0724186301,-0.0319321416,-0.0483414084,0.3247944415,0.6393727064,-0.3862958848,-0.0318927839,-0.0787260011,0.0674692243,0.2798597515,0.1804424375],[-0.4444510341,0.4115177393,-0.1812728792,-0.0454807989,0.0282858964,0.1059071273,0.2185186595,-0.1858804226,-0.063768819,0.1274349988,-0.1048072502,0.0949130282],[0.0005069814,0.9099677205,0.0905995443,0.21973373,-0.0494706705,0.425601989,-0.2609216869,-0.2932952046,0.6999648213,-0.2596802711,-0.2545292079,-0.1101016328],[-0.0494894236,0.3269553781,-0.214366883,-0.0037193093,-0.4960279465,0.0508815609,0.0265169144,0.2462262511,0.2856951058,0.3649657071,0.0749149546,-0.1559819579],[-0.1945762038,0.2059611678,0.1755683124,0.2748055458,-0.3049606681,-0.1411301345,-0.4436511695,-0.1613320261,0.7009183764,0.3957365751,0.0825164765,0.0180115253],[-0.1156860813,-0.4135305583,-0.202398926,0.2196573317,-0.5928948522,-0.0129778301,-0.2136477083,-0.0700108632,0.3343370557,0.4420499802,0.2154096514,0.1157426015],[-0.295901984,-0.4001350403,0.2029067129,0.6025534868,-0.1492163986,-0.2925081849,-0.1973950714,-0.0475459583,0.6308236718,0.3679435253,-0.1177799404,-0.0530962534],[-0.374479413,0.4969969392,-0.1915780604,-0.0463131219,-0.2154936343,-0.1653624773,-0.0846099332,-0.3510756791,0.6025725603,0.2651922703,-0.1768409312,0.0396443643]],[0.2380868793,0.2010306865,0.2626620829,0.4867241681,0.3736688197,0.420866251,0.4139538407,-0.1250371784,0.1728371531,0.1296439469,0.3586755097,-0.079021275]],[[[0.8387880921,-0.0699908733,0.5102552772,0.1886719912],[-0.5443046689,0.756511271,1.0917259455,0.5451985598],[0.590851903,0.3656887114,1.0465512276,0.7456237078],[-0.3139701188,0.3922882378,-0.8410306573,0.1190007553],[1.0186059475,0.4530079067,-0.2070526034,0.3732972443],[-0.3069041669,-0.2793356478,0.4387660623,0.7965771556],[0.3017138243,0.975910604,-0.2782922685,0.3707073629],[-0.5300040245,0.0856705159,-0.0460980088,-0.0351673998],[-0.6749386191,0.7165535688,-0.2480034083,-1.186606288],[-1.0119835138,0.8654125929,-0.6448730826,-0.271128118],[0.3933186233,-0.5601506233,0.9503312111,0.3343814909],[-0.4532513618,0.091100648,-0.2930768728,-0.2736057639]],[0.1766857505,0.1155767739,0.019796839,0.289046675]]],[[[[0.5157890916,0.1011726931,0.4393443763,-0.4109966755,-0.3925780356,0.9388562441,1.077798605,0.4500147998,0.3175854683,0.5736157894,0.9870734811,0.3873427808],[-0.2169491351,-0.0299970526,-0.1418196708,0.6554392576,1.0123723745,0.3271703422,-0.062733382,0.1479344666,-0.2189916521,0.1618744731,0.3409576118,0.8472422957],[-0.1620034724,0.7728480697,-0.0123075126,-0.6662661433,-0.496245414,0.2161272913,0.0779325441,0.1023645401,-0.2095777243,0.8433941007,0.4388374984,-0.9468023181],[-0.7619007826,0.8238997459,-0.0033223599,0.0053558811,0.3799422085,-0.2149909586,